2,NodeCounterV1,1
4,NodeCounterV1,1
6,NodeCounterV1,1
306,NodeEq,1
308,NodeGt,1
310,NodeEq,1
311,NodeOr,2
312,NodeAnd,3
530,NodeAnd,25
314,NodeSub,1
556,NodeReinterpret,2
557,NodeCast,2
317,NodeAdd,2
558,NodeReinterpret,2
559,NodeReinterpret,2
560,NodeAdd,2
561,NodeCast,3
320,NodeAdd,3
405,NodeCast,8
543,NodeMappedRom,8
590,NodeReinterpret,10
408,NodeReinterpret,10
409,NodeCast,10
410,NodeCast,10
184,NodeGt,1
8,NodeEq,1
10,NodeLt,1
11,NodeAnd,2
13,NodeEq,2
14,NodeAnd,3
17,NodeAnd,4
18,NodeInput,4
51,NodeSlice,9
52,NodeReinterpret,9
91,NodeSlice,9
92,NodeReinterpret,9
283,NodeMux,9
442,NodeMul,10
563,NodeShift,10
413,NodeReinterpret,10
414,NodeCast,10
415,NodeCast,10
53,NodeSlice,9
54,NodeReinterpret,9
93,NodeSlice,9
94,NodeReinterpret,9
289,NodeMux,9
443,NodeMul,10
454,NodeAdd,17
564,NodeShift,10
418,NodeReinterpret,10
419,NodeCast,10
420,NodeCast,10
55,NodeSlice,9
56,NodeReinterpret,9
95,NodeSlice,9
96,NodeReinterpret,9
295,NodeMux,9
444,NodeMul,10
565,NodeShift,10
423,NodeReinterpret,10
424,NodeCast,10
425,NodeCast,10
57,NodeSlice,9
58,NodeReinterpret,9
97,NodeSlice,9
98,NodeReinterpret,9
301,NodeMux,9
445,NodeMul,10
455,NodeAdd,17
460,NodeAdd,18
321,NodeCast,8
539,NodeMappedRom,8
591,NodeReinterpret,10
324,NodeReinterpret,10
325,NodeCast,10
326,NodeCast,10
19,NodeSlice,9
20,NodeReinterpret,9
59,NodeSlice,9
60,NodeReinterpret,9
187,NodeMux,9
426,NodeMul,10
567,NodeShift,10
329,NodeReinterpret,10
330,NodeCast,10
331,NodeCast,10
21,NodeSlice,9
22,NodeReinterpret,9
61,NodeSlice,9
62,NodeReinterpret,9
193,NodeMux,9
427,NodeMul,10
446,NodeAdd,17
568,NodeShift,10
334,NodeReinterpret,10
335,NodeCast,10
336,NodeCast,10
23,NodeSlice,9
24,NodeReinterpret,9
63,NodeSlice,9
64,NodeReinterpret,9
199,NodeMux,9
428,NodeMul,10
569,NodeShift,10
339,NodeReinterpret,10
340,NodeCast,10
341,NodeCast,10
25,NodeSlice,9
26,NodeReinterpret,9
65,NodeSlice,9
66,NodeReinterpret,9
205,NodeMux,9
429,NodeMul,10
447,NodeAdd,17
456,NodeAdd,18
342,NodeCast,8
540,NodeMappedRom,8
592,NodeReinterpret,10
345,NodeReinterpret,10
346,NodeCast,10
347,NodeCast,10
27,NodeSlice,9
28,NodeReinterpret,9
67,NodeSlice,9
68,NodeReinterpret,9
211,NodeMux,9
430,NodeMul,10
571,NodeShift,10
350,NodeReinterpret,10
351,NodeCast,10
352,NodeCast,10
29,NodeSlice,9
30,NodeReinterpret,9
69,NodeSlice,9
70,NodeReinterpret,9
217,NodeMux,9
431,NodeMul,10
448,NodeAdd,17
572,NodeShift,10
355,NodeReinterpret,10
356,NodeCast,10
357,NodeCast,10
31,NodeSlice,9
32,NodeReinterpret,9
71,NodeSlice,9
72,NodeReinterpret,9
223,NodeMux,9
432,NodeMul,10
573,NodeShift,10
360,NodeReinterpret,10
361,NodeCast,10
362,NodeCast,10
33,NodeSlice,9
34,NodeReinterpret,9
73,NodeSlice,9
74,NodeReinterpret,9
229,NodeMux,9
433,NodeMul,10
449,NodeAdd,17
457,NodeAdd,18
461,NodeAdd,19
363,NodeCast,8
541,NodeMappedRom,8
593,NodeReinterpret,10
366,NodeReinterpret,10
367,NodeCast,10
368,NodeCast,10
35,NodeSlice,9
36,NodeReinterpret,9
75,NodeSlice,9
76,NodeReinterpret,9
235,NodeMux,9
434,NodeMul,10
575,NodeShift,10
371,NodeReinterpret,10
372,NodeCast,10
373,NodeCast,10
37,NodeSlice,9
38,NodeReinterpret,9
77,NodeSlice,9
78,NodeReinterpret,9
241,NodeMux,9
435,NodeMul,10
450,NodeAdd,17
576,NodeShift,10
376,NodeReinterpret,10
377,NodeCast,10
378,NodeCast,10
39,NodeSlice,9
40,NodeReinterpret,9
79,NodeSlice,9
80,NodeReinterpret,9
247,NodeMux,9
436,NodeMul,10
577,NodeShift,10
381,NodeReinterpret,10
382,NodeCast,10
383,NodeCast,10
41,NodeSlice,9
42,NodeReinterpret,9
81,NodeSlice,9
82,NodeReinterpret,9
253,NodeMux,9
437,NodeMul,10
451,NodeAdd,17
458,NodeAdd,18
384,NodeCast,8
542,NodeMappedRom,8
594,NodeReinterpret,10
387,NodeReinterpret,10
388,NodeCast,10
389,NodeCast,10
43,NodeSlice,9
44,NodeReinterpret,9
83,NodeSlice,9
84,NodeReinterpret,9
259,NodeMux,9
438,NodeMul,10
579,NodeShift,10
392,NodeReinterpret,10
393,NodeCast,10
394,NodeCast,10
45,NodeSlice,9
46,NodeReinterpret,9
85,NodeSlice,9
86,NodeReinterpret,9
265,NodeMux,9
439,NodeMul,10
452,NodeAdd,17
580,NodeShift,10
397,NodeReinterpret,10
398,NodeCast,10
399,NodeCast,10
47,NodeSlice,9
48,NodeReinterpret,9
87,NodeSlice,9
88,NodeReinterpret,9
271,NodeMux,9
440,NodeMul,10
581,NodeShift,10
402,NodeReinterpret,10
403,NodeCast,10
404,NodeCast,10
49,NodeSlice,9
50,NodeReinterpret,9
89,NodeSlice,9
90,NodeReinterpret,9
277,NodeMux,9
441,NodeMul,10
453,NodeAdd,17
459,NodeAdd,18
462,NodeAdd,19
463,NodeAdd,20
464,NodeAdd,21
515,NodeStreamOffset,24
512,NodeAdd,22
513,NodeMux,23
582,NodeReinterpret,2
583,NodeReinterpret,2
584,NodeAdd,2
585,NodeCast,3
508,NodeAdd,3
511,NodeCast,4
586,NodeReinterpret,2
587,NodeReinterpret,2
588,NodeAdd,2
589,NodeCast,3
520,NodeAdd,3
523,NodeCast,4
538,NodeMappedRom,22
514,NodeAdd,24
532,NodeReinterpret,25
531,NodeOutput,25
535,NodeAnd,25
101,NodeAnd,4
102,NodeInput,4
135,NodeSlice,9
136,NodeReinterpret,9
175,NodeSlice,9
176,NodeReinterpret,9
286,NodeMux,9
481,NodeMul,10
137,NodeSlice,9
138,NodeReinterpret,9
177,NodeSlice,9
178,NodeReinterpret,9
292,NodeMux,9
482,NodeMul,10
493,NodeAdd,17
139,NodeSlice,9
140,NodeReinterpret,9
179,NodeSlice,9
180,NodeReinterpret,9
298,NodeMux,9
483,NodeMul,10
141,NodeSlice,9
142,NodeReinterpret,9
181,NodeSlice,9
182,NodeReinterpret,9
304,NodeMux,9
484,NodeMul,10
494,NodeAdd,17
499,NodeAdd,18
103,NodeSlice,9
104,NodeReinterpret,9
143,NodeSlice,9
144,NodeReinterpret,9
190,NodeMux,9
465,NodeMul,10
105,NodeSlice,9
106,NodeReinterpret,9
145,NodeSlice,9
146,NodeReinterpret,9
196,NodeMux,9
466,NodeMul,10
485,NodeAdd,17
107,NodeSlice,9
108,NodeReinterpret,9
147,NodeSlice,9
148,NodeReinterpret,9
202,NodeMux,9
467,NodeMul,10
109,NodeSlice,9
110,NodeReinterpret,9
149,NodeSlice,9
150,NodeReinterpret,9
208,NodeMux,9
468,NodeMul,10
486,NodeAdd,17
495,NodeAdd,18
111,NodeSlice,9
112,NodeReinterpret,9
151,NodeSlice,9
152,NodeReinterpret,9
214,NodeMux,9
469,NodeMul,10
113,NodeSlice,9
114,NodeReinterpret,9
153,NodeSlice,9
154,NodeReinterpret,9
220,NodeMux,9
470,NodeMul,10
487,NodeAdd,17
115,NodeSlice,9
116,NodeReinterpret,9
155,NodeSlice,9
156,NodeReinterpret,9
226,NodeMux,9
471,NodeMul,10
117,NodeSlice,9
118,NodeReinterpret,9
157,NodeSlice,9
158,NodeReinterpret,9
232,NodeMux,9
472,NodeMul,10
488,NodeAdd,17
496,NodeAdd,18
500,NodeAdd,19
119,NodeSlice,9
120,NodeReinterpret,9
159,NodeSlice,9
160,NodeReinterpret,9
238,NodeMux,9
473,NodeMul,10
121,NodeSlice,9
122,NodeReinterpret,9
161,NodeSlice,9
162,NodeReinterpret,9
244,NodeMux,9
474,NodeMul,10
489,NodeAdd,17
123,NodeSlice,9
124,NodeReinterpret,9
163,NodeSlice,9
164,NodeReinterpret,9
250,NodeMux,9
475,NodeMul,10
125,NodeSlice,9
126,NodeReinterpret,9
165,NodeSlice,9
166,NodeReinterpret,9
256,NodeMux,9
476,NodeMul,10
490,NodeAdd,17
497,NodeAdd,18
127,NodeSlice,9
128,NodeReinterpret,9
167,NodeSlice,9
168,NodeReinterpret,9
262,NodeMux,9
477,NodeMul,10
129,NodeSlice,9
130,NodeReinterpret,9
169,NodeSlice,9
170,NodeReinterpret,9
268,NodeMux,9
478,NodeMul,10
491,NodeAdd,17
131,NodeSlice,9
132,NodeReinterpret,9
171,NodeSlice,9
172,NodeReinterpret,9
274,NodeMux,9
479,NodeMul,10
133,NodeSlice,9
134,NodeReinterpret,9
173,NodeSlice,9
174,NodeReinterpret,9
280,NodeMux,9
480,NodeMul,10
492,NodeAdd,17
498,NodeAdd,18
501,NodeAdd,19
502,NodeAdd,20
503,NodeAdd,21
527,NodeStreamOffset,24
524,NodeAdd,22
525,NodeMux,23
526,NodeAdd,24
537,NodeReinterpret,25
536,NodeOutput,25
546,NodeCounterV1,3
547,NodeStreamOffset,3
549,NodeOutputMappedReg,4
552,NodeCounterV1,0
555,NodeEq,0
553,NodeFlush,1
