2,NodeCounterV1,658
4,NodeCounterV1,658
6,NodeCounterV1,658
8,NodeCounterV1,658
10,NodeCounterV1,658
12,NodeGt,658
14,NodeGt,658
15,NodeAnd,659
17,NodeLt,658
18,NodeAnd,660
20,NodeLt,658
21,NodeAnd,661
23,NodeEq,658
24,NodeAnd,662
26,NodeEq,658
27,NodeAnd,663
58,NodeAnd,664
30,NodeInput,4
32,NodeReinterpret,9
38,NodeStreamOffset,9
36,NodeStreamOffset,9
34,NodeStreamOffset,9
40,NodeGt,59
41,NodeEq,59
42,NodeOr,60
43,NodeMux,61
44,NodeGt,609
45,NodeEq,609
46,NodeOr,610
47,NodeMux,611
48,NodeGt,659
49,NodeEq,659
50,NodeOr,660
51,NodeMux,661
53,NodeLt,662
55,NodeMux,663
60,NodeReinterpret,664
59,NodeOutput,664
91,NodeAnd,664
63,NodeInput,4
65,NodeReinterpret,9
71,NodeStreamOffset,9
69,NodeStreamOffset,9
67,NodeStreamOffset,9
73,NodeGt,59
74,NodeEq,59
75,NodeOr,60
76,NodeMux,61
77,NodeGt,609
78,NodeEq,609
79,NodeOr,610
80,NodeMux,611
81,NodeGt,659
82,NodeEq,659
83,NodeOr,660
84,NodeMux,661
86,NodeLt,662
88,NodeMux,663
93,NodeReinterpret,664
92,NodeOutput,664
96,NodeCounterV1,3
97,NodeStreamOffset,3
99,NodeOutputMappedReg,4
102,NodeCounterV1,0
105,NodeEq,0
103,NodeFlush,1
