2,NodeCounterV1,3
4,NodeCounterV1,6
96,NodeEq,6
98,NodeEq,6
99,NodeOr,7
139,NodeAnd,31
101,NodeEq,5
103,NodeEq,6
104,NodeAnd,7
128,NodeStreamOffset,21
107,NodeMux,11
202,NodeReinterpret,4
203,NodeReinterpret,4
205,NodeAdd,4
204,NodeReinterpret,5
206,NodeAdd,5
207,NodeCast,6
89,NodeAdd,6
90,NodeCast,7
186,NodeMappedRom,7
6,NodeEq,3
9,NodeAnd,4
10,NodeInput,4
27,NodeSlice,9
28,NodeReinterpret,9
116,NodeMul,9
208,NodeReinterpret,4
209,NodeReinterpret,4
211,NodeAdd,4
210,NodeReinterpret,5
212,NodeAdd,5
213,NodeCast,6
93,NodeAdd,6
94,NodeCast,7
187,NodeMappedRom,7
29,NodeSlice,9
30,NodeReinterpret,9
117,NodeMul,9
122,NodeAdd,16
214,NodeReinterpret,4
215,NodeReinterpret,4
217,NodeAdd,4
216,NodeReinterpret,5
218,NodeAdd,5
219,NodeCast,6
57,NodeAdd,6
58,NodeCast,7
178,NodeMappedRom,7
11,NodeSlice,9
12,NodeReinterpret,9
108,NodeMul,9
220,NodeReinterpret,4
221,NodeReinterpret,4
223,NodeAdd,4
222,NodeReinterpret,5
224,NodeAdd,5
225,NodeCast,6
61,NodeAdd,6
62,NodeCast,7
179,NodeMappedRom,7
13,NodeSlice,9
14,NodeReinterpret,9
109,NodeMul,9
118,NodeAdd,16
226,NodeReinterpret,4
227,NodeReinterpret,4
229,NodeAdd,4
228,NodeReinterpret,5
230,NodeAdd,5
231,NodeCast,6
65,NodeAdd,6
66,NodeCast,7
180,NodeMappedRom,7
15,NodeSlice,9
16,NodeReinterpret,9
110,NodeMul,9
232,NodeReinterpret,4
233,NodeReinterpret,4
235,NodeAdd,4
234,NodeReinterpret,5
236,NodeAdd,5
237,NodeCast,6
69,NodeAdd,6
70,NodeCast,7
181,NodeMappedRom,7
17,NodeSlice,9
18,NodeReinterpret,9
111,NodeMul,9
119,NodeAdd,16
123,NodeAdd,17
238,NodeReinterpret,4
239,NodeReinterpret,4
241,NodeAdd,4
240,NodeReinterpret,5
242,NodeAdd,5
243,NodeCast,6
73,NodeAdd,6
74,NodeCast,7
182,NodeMappedRom,7
19,NodeSlice,9
20,NodeReinterpret,9
112,NodeMul,9
244,NodeReinterpret,4
245,NodeReinterpret,4
247,NodeAdd,4
246,NodeReinterpret,5
248,NodeAdd,5
249,NodeCast,6
77,NodeAdd,6
78,NodeCast,7
183,NodeMappedRom,7
21,NodeSlice,9
22,NodeReinterpret,9
113,NodeMul,9
120,NodeAdd,16
250,NodeReinterpret,4
251,NodeReinterpret,4
253,NodeAdd,4
252,NodeReinterpret,5
254,NodeAdd,5
255,NodeCast,6
81,NodeAdd,6
82,NodeCast,7
184,NodeMappedRom,7
23,NodeSlice,9
24,NodeReinterpret,9
114,NodeMul,9
256,NodeReinterpret,4
257,NodeReinterpret,4
259,NodeAdd,4
258,NodeReinterpret,5
260,NodeAdd,5
261,NodeCast,6
85,NodeAdd,6
86,NodeCast,7
185,NodeMappedRom,7
25,NodeSlice,9
26,NodeReinterpret,9
115,NodeMul,9
121,NodeAdd,16
124,NodeAdd,17
125,NodeAdd,18
126,NodeAdd,19
127,NodeAdd,20
129,NodeCast,5
165,NodeCast,5
177,NodeMappedRom,19
130,NodeAdd,21
131,NodeCast,22
133,NodeLt,28
135,NodeMux,30
140,NodeOutput,31
175,NodeAnd,31
164,NodeStreamOffset,21
143,NodeMux,11
33,NodeAnd,4
34,NodeInput,4
51,NodeSlice,9
52,NodeReinterpret,9
152,NodeMul,9
53,NodeSlice,9
54,NodeReinterpret,9
153,NodeMul,9
158,NodeAdd,16
35,NodeSlice,9
36,NodeReinterpret,9
144,NodeMul,9
37,NodeSlice,9
38,NodeReinterpret,9
145,NodeMul,9
154,NodeAdd,16
39,NodeSlice,9
40,NodeReinterpret,9
146,NodeMul,9
41,NodeSlice,9
42,NodeReinterpret,9
147,NodeMul,9
155,NodeAdd,16
159,NodeAdd,17
43,NodeSlice,9
44,NodeReinterpret,9
148,NodeMul,9
45,NodeSlice,9
46,NodeReinterpret,9
149,NodeMul,9
156,NodeAdd,16
47,NodeSlice,9
48,NodeReinterpret,9
150,NodeMul,9
49,NodeSlice,9
50,NodeReinterpret,9
151,NodeMul,9
157,NodeAdd,16
160,NodeAdd,17
161,NodeAdd,18
162,NodeAdd,19
163,NodeAdd,20
166,NodeAdd,21
167,NodeCast,22
169,NodeLt,28
171,NodeMux,30
176,NodeOutput,31
190,NodeCounterV1,3
191,NodeStreamOffset,3
193,NodeOutputMappedReg,4
196,NodeCounterV1,0
199,NodeEq,0
197,NodeFlush,1
