2,NodeCounterV1,124
4,NodeCounterV1,124
6,NodeCounterV1,124
8,NodeCounterV1,124
10,NodeCounterV1,124
12,NodeGt,124
14,NodeGt,124
15,NodeAnd,125
17,NodeLt,124
18,NodeAnd,126
20,NodeLt,124
21,NodeAnd,127
23,NodeEq,124
24,NodeAnd,128
26,NodeEq,124
27,NodeAnd,129
158,NodeAnd,130
30,NodeInput,4
39,NodeSlice,9
40,NodeReinterpret,9
70,NodeStreamOffset,9
60,NodeStreamOffset,9
50,NodeStreamOffset,9
140,NodeGt,13
141,NodeEq,13
142,NodeOr,14
143,NodeMux,15
144,NodeGt,121
145,NodeEq,121
146,NodeOr,122
147,NodeMux,123
148,NodeGt,125
149,NodeEq,125
150,NodeOr,126
151,NodeMux,127
153,NodeLt,128
155,NodeMux,129
167,NodeReinterpret,130
37,NodeSlice,9
38,NodeReinterpret,9
69,NodeStreamOffset,9
59,NodeStreamOffset,9
49,NodeStreamOffset,9
124,NodeGt,13
125,NodeEq,13
126,NodeOr,14
127,NodeMux,15
128,NodeGt,121
129,NodeEq,121
130,NodeOr,122
131,NodeMux,123
132,NodeGt,125
133,NodeEq,125
134,NodeOr,126
135,NodeMux,127
137,NodeLt,128
139,NodeMux,129
165,NodeReinterpret,130
35,NodeSlice,9
36,NodeReinterpret,9
68,NodeStreamOffset,9
58,NodeStreamOffset,9
48,NodeStreamOffset,9
108,NodeGt,13
109,NodeEq,13
110,NodeOr,14
111,NodeMux,15
112,NodeGt,121
113,NodeEq,121
114,NodeOr,122
115,NodeMux,123
116,NodeGt,125
117,NodeEq,125
118,NodeOr,126
119,NodeMux,127
121,NodeLt,128
123,NodeMux,129
163,NodeReinterpret,130
33,NodeSlice,9
34,NodeReinterpret,9
67,NodeStreamOffset,9
57,NodeStreamOffset,9
47,NodeStreamOffset,9
92,NodeGt,13
93,NodeEq,13
94,NodeOr,14
95,NodeMux,15
96,NodeGt,121
97,NodeEq,121
98,NodeOr,122
99,NodeMux,123
100,NodeGt,125
101,NodeEq,125
102,NodeOr,126
103,NodeMux,127
105,NodeLt,128
107,NodeMux,129
161,NodeReinterpret,130
31,NodeSlice,9
32,NodeReinterpret,9
66,NodeStreamOffset,9
56,NodeStreamOffset,9
46,NodeStreamOffset,9
76,NodeGt,13
77,NodeEq,13
78,NodeOr,14
79,NodeMux,15
80,NodeGt,121
81,NodeEq,121
82,NodeOr,122
83,NodeMux,123
84,NodeGt,125
85,NodeEq,125
86,NodeOr,126
87,NodeMux,127
89,NodeLt,128
91,NodeMux,129
160,NodeReinterpret,130
162,NodeCat,130
164,NodeCat,130
166,NodeCat,130
168,NodeCat,130
159,NodeOutput,130
299,NodeAnd,130
171,NodeInput,4
180,NodeSlice,9
181,NodeReinterpret,9
211,NodeStreamOffset,9
201,NodeStreamOffset,9
191,NodeStreamOffset,9
281,NodeGt,13
282,NodeEq,13
283,NodeOr,14
284,NodeMux,15
285,NodeGt,121
286,NodeEq,121
287,NodeOr,122
288,NodeMux,123
289,NodeGt,125
290,NodeEq,125
291,NodeOr,126
292,NodeMux,127
294,NodeLt,128
296,NodeMux,129
308,NodeReinterpret,130
178,NodeSlice,9
179,NodeReinterpret,9
210,NodeStreamOffset,9
200,NodeStreamOffset,9
190,NodeStreamOffset,9
265,NodeGt,13
266,NodeEq,13
267,NodeOr,14
268,NodeMux,15
269,NodeGt,121
270,NodeEq,121
271,NodeOr,122
272,NodeMux,123
273,NodeGt,125
274,NodeEq,125
275,NodeOr,126
276,NodeMux,127
278,NodeLt,128
280,NodeMux,129
306,NodeReinterpret,130
176,NodeSlice,9
177,NodeReinterpret,9
209,NodeStreamOffset,9
199,NodeStreamOffset,9
189,NodeStreamOffset,9
249,NodeGt,13
250,NodeEq,13
251,NodeOr,14
252,NodeMux,15
253,NodeGt,121
254,NodeEq,121
255,NodeOr,122
256,NodeMux,123
257,NodeGt,125
258,NodeEq,125
259,NodeOr,126
260,NodeMux,127
262,NodeLt,128
264,NodeMux,129
304,NodeReinterpret,130
174,NodeSlice,9
175,NodeReinterpret,9
208,NodeStreamOffset,9
198,NodeStreamOffset,9
188,NodeStreamOffset,9
233,NodeGt,13
234,NodeEq,13
235,NodeOr,14
236,NodeMux,15
237,NodeGt,121
238,NodeEq,121
239,NodeOr,122
240,NodeMux,123
241,NodeGt,125
242,NodeEq,125
243,NodeOr,126
244,NodeMux,127
246,NodeLt,128
248,NodeMux,129
302,NodeReinterpret,130
172,NodeSlice,9
173,NodeReinterpret,9
207,NodeStreamOffset,9
197,NodeStreamOffset,9
187,NodeStreamOffset,9
217,NodeGt,13
218,NodeEq,13
219,NodeOr,14
220,NodeMux,15
221,NodeGt,121
222,NodeEq,121
223,NodeOr,122
224,NodeMux,123
225,NodeGt,125
226,NodeEq,125
227,NodeOr,126
228,NodeMux,127
230,NodeLt,128
232,NodeMux,129
301,NodeReinterpret,130
303,NodeCat,130
305,NodeCat,130
307,NodeCat,130
309,NodeCat,130
300,NodeOutput,130
312,NodeCounterV1,3
313,NodeStreamOffset,3
315,NodeOutputMappedReg,4
318,NodeCounterV1,0
321,NodeEq,0
319,NodeFlush,1
